{
  "Delete Users" : {
    "transaction" : "Delete Users",
    "sampleCount" : 30,
    "errorCount" : 0,
    "errorPct" : 0.0,
    "meanResTime" : 208.09999999999997,
    "medianResTime" : 149.5,
    "minResTime" : 116.0,
    "maxResTime" : 660.0,
    "pct1ResTime" : 333.10000000000014,
    "pct2ResTime" : 657.8,
    "pct3ResTime" : 660.0,
    "throughput" : 0.5115961800818554,
    "receivedKBytesPerSec" : 0.15517751321623466,
    "sentKBytesPerSec" : 0.07504076782060028
  },
  "Total" : {
    "transaction" : "Total",
    "sampleCount" : 90,
    "errorCount" : 0,
    "errorPct" : 0.0,
    "meanResTime" : 454.43333333333334,
    "medianResTime" : 209.5,
    "minResTime" : 116.0,
    "maxResTime" : 2449.0,
    "pct1ResTime" : 1234.0,
    "pct2ResTime" : 1630.250000000001,
    "pct3ResTime" : 2449.0,
    "throughput" : 1.5117157974300832,
    "receivedKBytesPerSec" : 0.6914918745275889,
    "sentKBytesPerSec" : 0.2206553917863442
  },
  "Get User by ID" : {
    "transaction" : "Get User by ID",
    "sampleCount" : 30,
    "errorCount" : 0,
    "errorPct" : 0.0,
    "meanResTime" : 160.93333333333334,
    "medianResTime" : 135.0,
    "minResTime" : 117.0,
    "maxResTime" : 277.0,
    "pct1ResTime" : 260.3,
    "pct2ResTime" : 271.5,
    "pct3ResTime" : 277.0,
    "throughput" : 0.5109600940166573,
    "receivedKBytesPerSec" : 0.15498457539216187,
    "sentKBytesPerSec" : 0.07494746691533391
  },
  "Get Users" : {
    "transaction" : "Get Users",
    "sampleCount" : 30,
    "errorCount" : 0,
    "errorPct" : 0.0,
    "meanResTime" : 994.2666666666665,
    "medianResTime" : 760.0,
    "minResTime" : 501.0,
    "maxResTime" : 2449.0,
    "pct1ResTime" : 1917.5000000000002,
    "pct2ResTime" : 2252.6499999999996,
    "pct3ResTime" : 2449.0,
    "throughput" : 0.5072880381480604,
    "receivedKBytesPerSec" : 0.3883924042071088,
    "sentKBytesPerSec" : 0.07331897426358687
  }
}