{
  "Delete Users" : {
    "transaction" : "Delete Users",
    "sampleCount" : 30,
    "errorCount" : 0,
    "errorPct" : 0.0,
    "meanResTime" : 5.1000000000000005,
    "medianResTime" : 5.0,
    "minResTime" : 3.0,
    "maxResTime" : 7.0,
    "pct1ResTime" : 7.0,
    "pct2ResTime" : 7.0,
    "pct3ResTime" : 7.0,
    "throughput" : 0.5173484169138443,
    "receivedKBytesPerSec" : 0.15692228348968754,
    "sentKBytesPerSec" : 0.07285316574118783
  },
  "Total" : {
    "transaction" : "Total",
    "sampleCount" : 90,
    "errorCount" : 0,
    "errorPct" : 0.0,
    "meanResTime" : 13.088888888888887,
    "medianResTime" : 6.0,
    "minResTime" : 3.0,
    "maxResTime" : 55.0,
    "pct1ResTime" : 30.900000000000006,
    "pct2ResTime" : 33.900000000000006,
    "pct3ResTime" : 55.0,
    "throughput" : 1.5505478602439529,
    "receivedKBytesPerSec" : 0.7092545095100269,
    "sentKBytesPerSec" : 0.21723821583626216
  },
  "Get User by ID" : {
    "transaction" : "Get User by ID",
    "sampleCount" : 30,
    "errorCount" : 0,
    "errorPct" : 0.0,
    "meanResTime" : 5.433333333333334,
    "medianResTime" : 5.0,
    "minResTime" : 3.0,
    "maxResTime" : 10.0,
    "pct1ResTime" : 8.900000000000002,
    "pct2ResTime" : 10.0,
    "pct3ResTime" : 10.0,
    "throughput" : 0.5173662608215777,
    "receivedKBytesPerSec" : 0.15692769590935743,
    "sentKBytesPerSec" : 0.07285567852585108
  },
  "Get Users" : {
    "transaction" : "Get Users",
    "sampleCount" : 30,
    "errorCount" : 0,
    "errorPct" : 0.0,
    "meanResTime" : 28.733333333333334,
    "medianResTime" : 28.5,
    "minResTime" : 19.0,
    "maxResTime" : 55.0,
    "pct1ResTime" : 35.0,
    "pct2ResTime" : 52.8,
    "pct3ResTime" : 55.0,
    "throughput" : 0.5169383464865424,
    "receivedKBytesPerSec" : 0.395780921528759,
    "sentKBytesPerSec" : 0.07168480976668849
  }
}