{
  "Delete User" : {
    "transaction" : "Delete User",
    "sampleCount" : 30,
    "errorCount" : 0,
    "errorPct" : 0.0,
    "meanResTime" : 181.63333333333333,
    "medianResTime" : 126.5,
    "minResTime" : 118.0,
    "maxResTime" : 757.0,
    "pct1ResTime" : 460.0000000000001,
    "pct2ResTime" : 617.8499999999998,
    "pct3ResTime" : 757.0,
    "throughput" : 0.5163066861715859,
    "receivedKBytesPerSec" : 0.15660630539540488,
    "sentKBytesPerSec" : 0.0757317033818088
  },
  "Total" : {
    "transaction" : "Total",
    "sampleCount" : 90,
    "errorCount" : 0,
    "errorPct" : 0.0,
    "meanResTime" : 286.7777777777777,
    "medianResTime" : 132.5,
    "minResTime" : 112.0,
    "maxResTime" : 1052.0,
    "pct1ResTime" : 544.3000000000001,
    "pct2ResTime" : 620.9000000000002,
    "pct3ResTime" : 1052.0,
    "throughput" : 1.5320452804494,
    "receivedKBytesPerSec" : 0.7007910247680654,
    "sentKBytesPerSec" : 0.223622755128096
  },
  "Get User by ID" : {
    "transaction" : "Get User by ID",
    "sampleCount" : 30,
    "errorCount" : 0,
    "errorPct" : 0.0,
    "meanResTime" : 126.83333333333331,
    "medianResTime" : 124.0,
    "minResTime" : 112.0,
    "maxResTime" : 172.0,
    "pct1ResTime" : 136.8,
    "pct2ResTime" : 154.95,
    "pct3ResTime" : 172.0,
    "throughput" : 0.5220205676103639,
    "receivedKBytesPerSec" : 0.15833944169900294,
    "sentKBytesPerSec" : 0.0765698137256608
  },
  "Get Users" : {
    "transaction" : "Get Users",
    "sampleCount" : 30,
    "errorCount" : 0,
    "errorPct" : 0.0,
    "meanResTime" : 551.8666666666668,
    "medianResTime" : 519.0,
    "minResTime" : 488.0,
    "maxResTime" : 1052.0,
    "pct1ResTime" : 648.8000000000002,
    "pct2ResTime" : 899.6499999999999,
    "pct3ResTime" : 1052.0,
    "throughput" : 0.5129608097941317,
    "receivedKBytesPerSec" : 0.3927356199986321,
    "sentKBytesPerSec" : 0.0741388670405581
  }
}